{
    "shoulder_pan.pos": 20.175824175824175,
    "shoulder_lift.pos": -96.26373626373626,
    "elbow_flex.pos": 24.307692307692307,
    "wrist_flex.pos": 58.505494505494504,
    "wrist_roll.pos": -18.153846153846153,
    "gripper.pos": 3.75
}